<annotation>
	<folder>a</folder>
	<filename>106_303_761a061e-559a-11f0-9d07-7b55150b9c56.jpg</filename>
	<path>D:\d\a\106_303_761a061e-559a-11f0-9d07-7b55150b9c56.jpg</path>
	<source>
		<database>Unknown</database>
	</source>
	<size>
		<width>640</width>
		<height>480</height>
		<depth>3</depth>
	</size>
	<segmented>0</segmented>
	<object>
		<name>red</name>
		<pose>Unspecified</pose>
		<truncated>1</truncated>
		<difficult>0</difficult>
		<bndbox>
			<xmin>1</xmin>
			<ymin>199</ymin>
			<xmax>76</xmax>
			<ymax>383</ymax>
		</bndbox>
	</object>
</annotation>
